{
    "exp0": {
        "exp_id": "exp0",
        "exp_name": "Baseline (No Reg, No Aug)",
        "test_accuracy": 0.7414000034332275,
        "test_loss": 0.7831655740737915,
        "precision": 0.7395685755984238,
        "recall": 0.7414000000000001,
        "f1_score": 0.7382701213641091,
        "train_val_gap": 0.08562499284744263,
        "parameter_count": 356810,
        "training_time": 615.3264436721802,
        "top_confused": [
            [
                171,
                "cat",
                "dog"
            ],
            [
                122,
                "dog",
                "cat"
            ],
            [
                93,
                "cat",
                "bird"
            ]
        ]
    },
    "exp1": {
        "exp_id": "exp1",
        "exp_name": "Baseline + Dropout",
        "test_accuracy": 0.7161999940872192,
        "test_loss": 0.8166493773460388,
        "precision": 0.7154295779950368,
        "recall": 0.7162,
        "f1_score": 0.712023561274513,
        "train_val_gap": -0.05715000629425049,
        "parameter_count": 356810,
        "training_time": 695.8749499320984,
        "top_confused": [
            [
                159,
                "cat",
                "dog"
            ],
            [
                149,
                "dog",
                "cat"
            ],
            [
                130,
                "truck",
                "automobile"
            ]
        ]
    },
    "exp2": {
        "exp_id": "exp2",
        "exp_name": "Baseline + Batch Normalization",
        "test_accuracy": 0.7278000116348267,
        "test_loss": 1.026547908782959,
        "precision": 0.7283809411343499,
        "recall": 0.7278,
        "f1_score": 0.7254089083452226,
        "train_val_gap": 0.23637503385543823,
        "parameter_count": 358218,
        "training_time": 1160.9125616550446,
        "top_confused": [
            [
                163,
                "dog",
                "cat"
            ],
            [
                137,
                "cat",
                "dog"
            ],
            [
                87,
                "bird",
                "airplane"
            ]
        ]
    },
    "exp5": {
        "exp_id": "exp5",
        "exp_name": "Baseline + Moderate Augmentation",
        "test_accuracy": 0.6575000286102295,
        "test_loss": 0.9771145582199097,
        "precision": 0.6678437756394463,
        "recall": 0.6575000000000001,
        "f1_score": 0.6433751918335153,
        "train_val_gap": -0.027575016021728516,
        "parameter_count": 356810,
        "training_time": 819.6039633750916,
        "top_confused": [
            [
                258,
                "automobile",
                "truck"
            ],
            [
                254,
                "cat",
                "dog"
            ],
            [
                146,
                "cat",
                "frog"
            ]
        ]
    },
    "exp11": {
        "exp_id": "exp11",
        "exp_name": "Deeper CNN (Extra Block)",
        "test_accuracy": 0.7325999736785889,
        "test_loss": 0.7932613492012024,
        "precision": 0.7385945418831841,
        "recall": 0.7326,
        "f1_score": 0.7307857317700653,
        "train_val_gap": 0.10037499666213989,
        "parameter_count": 653386,
        "training_time": 1335.8988857269287,
        "top_confused": [
            [
                193,
                "dog",
                "cat"
            ],
            [
                139,
                "deer",
                "bird"
            ],
            [
                129,
                "cat",
                "bird"
            ]
        ]
    },
    "exp12": {
        "exp_id": "exp12",
        "exp_name": "Final Customized CNN",
        "test_accuracy": 0.6712999939918518,
        "test_loss": 0.9390103220939636,
        "precision": 0.6804217856407939,
        "recall": 0.6713,
        "f1_score": 0.6651522303116698,
        "train_val_gap": -0.03962498903274536,
        "parameter_count": 356810,
        "training_time": 874.1188745498657,
        "top_confused": [
            [
                202,
                "bird",
                "deer"
            ],
            [
                186,
                "cat",
                "frog"
            ],
            [
                179,
                "cat",
                "dog"
            ]
        ]
    },
    "exp3": {
        "exp_id": "exp3",
        "exp_name": "Baseline + L2 Regularization",
        "test_accuracy": 0.7050999999046326,
        "test_loss": 0.9131951928138733,
        "precision": 0.7204592469097242,
        "recall": 0.7051,
        "f1_score": 0.7033044821835961,
        "train_val_gap": 0.058949947357177734,
        "parameter_count": 356810,
        "training_time": 616.3634395599365,
        "top_confused": [
            [
                160,
                "cat",
                "bird"
            ],
            [
                152,
                "automobile",
                "truck"
            ],
            [
                136,
                "airplane",
                "bird"
            ]
        ]
    },
    "exp4": {
        "exp_id": "exp4",
        "exp_name": "Baseline + Light Augmentation",
        "test_accuracy": 0.7099999785423279,
        "test_loss": 0.8466931581497192,
        "precision": 0.7180673459754247,
        "recall": 0.7099999999999999,
        "f1_score": 0.7084599118864523,
        "train_val_gap": 0.05542498826980591,
        "parameter_count": 356810,
        "training_time": 696.944150686264,
        "top_confused": [
            [
                149,
                "dog",
                "cat"
            ],
            [
                148,
                "cat",
                "dog"
            ],
            [
                144,
                "airplane",
                "bird"
            ]
        ]
    },
    "exp6": {
        "exp_id": "exp6",
        "exp_name": "Baseline + Aggressive Augmentation",
        "test_accuracy": 0.5600000023841858,
        "test_loss": 1.2371667623519897,
        "precision": 0.5741606747452185,
        "recall": 0.56,
        "f1_score": 0.5403734654825149,
        "train_val_gap": -0.05274999141693115,
        "parameter_count": 356810,
        "training_time": 902.1384477615356,
        "top_confused": [
            [
                267,
                "cat",
                "dog"
            ],
            [
                243,
                "cat",
                "frog"
            ],
            [
                227,
                "deer",
                "frog"
            ]
        ]
    },
    "exp7": {
        "exp_id": "exp7",
        "exp_name": "SGD + Momentum (lr=0.01)",
        "test_accuracy": 0.6574000120162964,
        "test_loss": 0.9659781455993652,
        "precision": 0.6812569416314086,
        "recall": 0.6574,
        "f1_score": 0.6542920518527251,
        "train_val_gap": 0.039674997329711914,
        "parameter_count": 356810,
        "training_time": 569.1514084339142,
        "top_confused": [
            [
                213,
                "cat",
                "bird"
            ],
            [
                211,
                "dog",
                "bird"
            ],
            [
                192,
                "deer",
                "bird"
            ]
        ]
    },
    "exp8": {
        "exp_id": "exp8",
        "exp_name": "RMSprop (lr=0.001)",
        "test_accuracy": 0.7020000219345093,
        "test_loss": 0.8606536984443665,
        "precision": 0.7132940745633178,